"benchmark_mode","mode","model","prompt","repeat_index","log_file","ran_this_time","run_start","run_end","total_duration_s","load_duration_s","prompt_eval_count","prompt_eval_duration_s","prompt_eval_rate_tps","eval_count","eval_duration_s","eval_rate_tps","gpu_mem_max_mb","gpu_mem_min_mb","gpu_util_max_pct","gpu_util_mean_pct","gpu_power_max_w","gpu_power_mean_w","gpu_temp_max_c","gpu_samples","parse_warnings"
"steady","5090-pcie-steady-x6","mistral:7b","A","1","C:\ollama-tests\logs\20251226-194757-5090-pcie-steady-x6\mistral_7b\A-r01-5090-pcie-steady-x6-mistral_7b.txt","True","2025-12-26T19:48:03.5950872-08:00","2025-12-26T19:48:05.0265176-08:00","1.383928","0.011075400000000001","21","0.0048415","4337.5","351","0.5190026","676.3","5380","5380","93","93","436","436","52","1",""
"steady","5090-pcie-steady-x6","mistral:7b","B","1","C:\ollama-tests\logs\20251226-194757-5090-pcie-steady-x6\mistral_7b\B-r01-5090-pcie-steady-x6-mistral_7b.txt","True","2025-12-26T19:48:05.0664920-08:00","2025-12-26T19:48:07.4772228-08:00","2.3679218","0.0110092","33","0.0104656","3153.19","601","1.30125","461.86","5380","5380","92","76.5","462","444.5","53","2",""
"steady","5090-pcie-steady-x6","mistral:7b","C","1","C:\ollama-tests\logs\20251226-194757-5090-pcie-steady-x6\mistral_7b\C-r01-5090-pcie-steady-x6-mistral_7b.txt","True","2025-12-26T19:48:07.4903975-08:00","2025-12-26T19:48:09.3444320-08:00","1.760352","0.0105082","4096","0.2960315","13836.37","335","0.7822109","428.27","5380","5380","93","93","474","474","55","1",""
"steady","5090-pcie-steady-x6","mistral:7b","D","1","C:\ollama-tests\logs\20251226-194757-5090-pcie-steady-x6\mistral_7b\D-r01-5090-pcie-steady-x6-mistral_7b.txt","True","2025-12-26T19:48:09.3506897-08:00","2025-12-26T19:48:11.6785020-08:00","2.2832721","0.0112444","34","0.0105176","3232.68","578","1.1557757","500.1","5380","5380","93","93","485","456.5","55","2",""
"steady","5090-pcie-steady-x6","mistral:7b","A","2","C:\ollama-tests\logs\20251226-194757-5090-pcie-steady-x6\mistral_7b\A-r02-5090-pcie-steady-x6-mistral_7b.txt","True","2025-12-26T19:48:11.7002665-08:00","2025-12-26T19:48:12.9591090-08:00","1.2123183","0.011143499999999999","21","0.009763899999999999","2150.78","306","0.4642171","659.17","5380","5380","92","87","464","450.5","56","2",""
"steady","5090-pcie-steady-x6","mistral:7b","B","2","C:\ollama-tests\logs\20251226-194757-5090-pcie-steady-x6\mistral_7b\B-r02-5090-pcie-steady-x6-mistral_7b.txt","True","2025-12-26T19:48:12.9837360-08:00","2025-12-26T19:48:15.6651594-08:00","2.6343707","0.0111092","33","0.0104316","3163.46","668","1.1062924","603.82","5380","5380","93","92.5","469","450.5","57","2",""
"steady","5090-pcie-steady-x6","mistral:7b","C","2","C:\ollama-tests\logs\20251226-194757-5090-pcie-steady-x6\mistral_7b\C-r02-5090-pcie-steady-x6-mistral_7b.txt","True","2025-12-26T19:48:15.6797776-08:00","2025-12-26T19:48:17.7710134-08:00","2.0067927","0.0115974","4096","0.2641397","15506.95","393","0.7085710000000001","554.64","5380","5380","93","81","486","473.5","57","2",""
"steady","5090-pcie-steady-x6","mistral:7b","D","2","C:\ollama-tests\logs\20251226-194757-5090-pcie-steady-x6\mistral_7b\D-r02-5090-pcie-steady-x6-mistral_7b.txt","True","2025-12-26T19:48:17.7780972-08:00","2025-12-26T19:48:20.1601946-08:00","2.3382626","0.012302","34","0.010084","3371.68","592","0.9966084","594.01","5380","5380","93","93","488","478.5","57","2",""
"steady","5090-pcie-steady-x6","mistral:7b","A","3","C:\ollama-tests\logs\20251226-194757-5090-pcie-steady-x6\mistral_7b\A-r03-5090-pcie-steady-x6-mistral_7b.txt","True","2025-12-26T19:48:20.1744001-08:00","2025-12-26T19:48:21.1951792-08:00","0.9769260000000001","0.0117543","21","0.0103329","2032.34","245","0.4988533","491.13","5380","5380","62","62","459","459","54","1",""
"steady","5090-pcie-steady-x6","mistral:7b","B","3","C:\ollama-tests\logs\20251226-194757-5090-pcie-steady-x6\mistral_7b\B-r03-5090-pcie-steady-x6-mistral_7b.txt","True","2025-12-26T19:48:21.2099242-08:00","2025-12-26T19:48:23.4139909-08:00","2.1569699","0.0125396","33","0.009754200000000001","3383.16","546","0.9099311","600.05","5380","5380","92","92","441","439.5","58","2",""
"steady","5090-pcie-steady-x6","mistral:7b","C","3","C:\ollama-tests\logs\20251226-194757-5090-pcie-steady-x6\mistral_7b\C-r03-5090-pcie-steady-x6-mistral_7b.txt","True","2025-12-26T19:48:23.4301572-08:00","2025-12-26T19:48:25.0277558-08:00","1.5329367","0.011571099999999999","4096","0.27711290000000005","14780.98","282","0.4888819","576.83","5380","5380","93","92.5","481","475.5","59","2",""
"steady","5090-pcie-steady-x6","mistral:7b","D","3","C:\ollama-tests\logs\20251226-194757-5090-pcie-steady-x6\mistral_7b\D-r03-5090-pcie-steady-x6-mistral_7b.txt","True","2025-12-26T19:48:25.0421113-08:00","2025-12-26T19:48:27.9851067-08:00","2.9007687","0.0117708","34","0.0110864","3066.82","734","1.195354","614.04","5380","5380","93","93","472","463.3","59","3",""
"steady","5090-pcie-steady-x6","phi4:14b","A","1","C:\ollama-tests\logs\20251226-194757-5090-pcie-steady-x6\phi4_14b\A-r01-5090-pcie-steady-x6-phi4_14b.txt","True","2025-12-26T19:48:38.3670647-08:00","2025-12-26T19:48:40.3270512-08:00","1.9034429","0.0401443","26","0.0092688","2805.11","265","1.1317343","234.15","15427","15427","93","92.5","523","522.5","62","2",""
"steady","5090-pcie-steady-x6","phi4:14b","B","1","C:\ollama-tests\logs\20251226-194757-5090-pcie-steady-x6\phi4_14b\B-r01-5090-pcie-steady-x6-phi4_14b.txt","True","2025-12-26T19:48:40.3417854-08:00","2025-12-26T19:48:45.5955053-08:00","5.196114","0.040696399999999994","37","0.0159859","2314.54","730","2.7867124","261.96","15427","15427","93","92.6","527","514.8","64","5",""
"steady","5090-pcie-steady-x6","phi4:14b","C","1","C:\ollama-tests\logs\20251226-194757-5090-pcie-steady-x6\phi4_14b\C-r01-5090-pcie-steady-x6-phi4_14b.txt","True","2025-12-26T19:48:45.6169779-08:00","2025-12-26T19:48:49.5627995-08:00","3.8553158","0.041585500000000004","4096","0.5079357","8064.01","433","1.3314587","325.21","15427","15427","93","71.2","548","531","65","4",""
"steady","5090-pcie-steady-x6","phi4:14b","D","1","C:\ollama-tests\logs\20251226-194757-5090-pcie-steady-x6\phi4_14b\D-r01-5090-pcie-steady-x6-phi4_14b.txt","True","2025-12-26T19:48:49.5825130-08:00","2025-12-26T19:48:56.6012536-08:00","6.9544557","0.040609099999999995","39","0.0116076","3359.87","976","3.1433751","310.49","15427","15427","93","92.8","534","521","66","6",""
"steady","5090-pcie-steady-x6","phi4:14b","A","2","C:\ollama-tests\logs\20251226-194757-5090-pcie-steady-x6\phi4_14b\A-r02-5090-pcie-steady-x6-phi4_14b.txt","True","2025-12-26T19:48:56.6366429-08:00","2025-12-26T19:48:58.8351491-08:00","2.1370427","0.041975900000000003","26","0.013853899999999999","1876.73","297","1.0511904","282.54","15427","15427","93","49.5","496","482","66","2",""
"steady","5090-pcie-steady-x6","phi4:14b","B","2","C:\ollama-tests\logs\20251226-194757-5090-pcie-steady-x6\phi4_14b\B-r02-5090-pcie-steady-x6-phi4_14b.txt","True","2025-12-26T19:48:58.8559349-08:00","2025-12-26T19:49:04.1525349-08:00","5.2335192","0.040902900000000006","37","0.0134439","2752.18","735","2.3061819","318.71","15427","15427","93","92.8","534","519.8","68","5",""
"steady","5090-pcie-steady-x6","phi4:14b","C","2","C:\ollama-tests\logs\20251226-194757-5090-pcie-steady-x6\phi4_14b\C-r02-5090-pcie-steady-x6-phi4_14b.txt","True","2025-12-26T19:49:04.1751456-08:00","2025-12-26T19:49:08.1603157-08:00","3.8936221","0.0411616","4096","0.5133758","7978.56","438","1.4006811","312.71","15427","15427","93","83","551","532.2","69","4",""
"steady","5090-pcie-steady-x6","phi4:14b","D","2","C:\ollama-tests\logs\20251226-194757-5090-pcie-steady-x6\phi4_14b\D-r02-5090-pcie-steady-x6-phi4_14b.txt","True","2025-12-26T19:49:08.1736853-08:00","2025-12-26T19:49:15.7770055-08:00","7.5414834","0.042699","39","0.015229699999999999","2560.79","1058","4.6726738","226.42","15427","15427","93","92.7","541","527.4","69","7",""
"steady","5090-pcie-steady-x6","phi4:14b","A","3","C:\ollama-tests\logs\20251226-194757-5090-pcie-steady-x6\phi4_14b\A-r03-5090-pcie-steady-x6-phi4_14b.txt","True","2025-12-26T19:49:15.8004604-08:00","2025-12-26T19:49:18.0527774-08:00","2.1915808","0.040648899999999995","26","0.0136663","1902.49","305","1.5320838","199.08","15427","15427","93","92.5","535","506","70","2",""
"steady","5090-pcie-steady-x6","phi4:14b","B","3","C:\ollama-tests\logs\20251226-194757-5090-pcie-steady-x6\phi4_14b\B-r03-5090-pcie-steady-x6-phi4_14b.txt","True","2025-12-26T19:49:18.0745007-08:00","2025-12-26T19:49:23.6460510-08:00","5.5080261","0.0528647","37","0.0146909","2518.57","772","4.1296567","186.94","15427","15427","93","74.4","541","517.2","70","5",""
"steady","5090-pcie-steady-x6","phi4:14b","C","3","C:\ollama-tests\logs\20251226-194757-5090-pcie-steady-x6\phi4_14b\C-r03-5090-pcie-steady-x6-phi4_14b.txt","True","2025-12-26T19:49:23.6711410-08:00","2025-12-26T19:49:27.7634715-08:00","4.0008372","0.042261","4096","0.5067208999999999","8083.35","452","2.1270434","212.5","15427","15427","93","82","556","535.5","71","4",""
"steady","5090-pcie-steady-x6","phi4:14b","D","3","C:\ollama-tests\logs\20251226-194757-5090-pcie-steady-x6\phi4_14b\D-r03-5090-pcie-steady-x6-phi4_14b.txt","True","2025-12-26T19:49:27.7863648-08:00","2025-12-26T19:49:35.8177112-08:00","7.9747042","0.0408087","39","0.014250400000000002","2736.77","1119","3.7616072","297.48","15427","15427","93","92.9","556","544.2","72","8",""
"steady","5090-pcie-steady-x6","llama3.2","A","1","C:\ollama-tests\logs\20251226-194757-5090-pcie-steady-x6\llama3.2\A-r01-5090-pcie-steady-x6-llama3.2.txt","True","2025-12-26T19:49:40.4002185-08:00","2025-12-26T19:49:41.3333797-08:00","0.8599972","0.0758967","41","0.0074271","5520.32","289","0.5545356","521.16","18708","18708","78","78","333","333","64","1",""
"steady","5090-pcie-steady-x6","llama3.2","B","1","C:\ollama-tests\logs\20251226-194757-5090-pcie-steady-x6\llama3.2\B-r01-5090-pcie-steady-x6-llama3.2.txt","True","2025-12-26T19:49:41.3738942-08:00","2025-12-26T19:49:42.2713764-08:00","0.8202185","0.07601269999999999","52","0.0380546","1366.46","264","0.5209648","506.75","18708","18708","79","79","319","319","64","1",""
"steady","5090-pcie-steady-x6","llama3.2","C","1","C:\ollama-tests\logs\20251226-194757-5090-pcie-steady-x6\llama3.2\C-r01-5090-pcie-steady-x6-llama3.2.txt","True","2025-12-26T19:49:42.2953958-08:00","2025-12-26T19:49:43.7177359-08:00","1.3266463","0.075942","4096","0.1580635","25913.64","363","0.7333149","495.01","18708","18708","80","80","372","372","66","1",""
"steady","5090-pcie-steady-x6","llama3.2","D","1","C:\ollama-tests\logs\20251226-194757-5090-pcie-steady-x6\llama3.2\D-r01-5090-pcie-steady-x6-llama3.2.txt","True","2025-12-26T19:49:43.7349331-08:00","2025-12-26T19:49:46.3772722-08:00","2.5603469","0.07537869999999999","54","0.0113221","4769.43","921","1.6349334","563.33","18708","18708","79","78.5","385","364.5","66","2",""
"steady","5090-pcie-steady-x6","llama3.2","A","2","C:\ollama-tests\logs\20251226-194757-5090-pcie-steady-x6\llama3.2\A-r02-5090-pcie-steady-x6-llama3.2.txt","True","2025-12-26T19:49:46.4034222-08:00","2025-12-26T19:49:47.1338990-08:00","0.6578618","0.07458820000000001","41","0.0102062","4017.17","214","0.3892326","549.8","18708","18708","80","80","389","389","66","1",""
"steady","5090-pcie-steady-x6","llama3.2","B","2","C:\ollama-tests\logs\20251226-194757-5090-pcie-steady-x6\llama3.2\B-r02-5090-pcie-steady-x6-llama3.2.txt","True","2025-12-26T19:49:47.1581326-08:00","2025-12-26T19:49:48.4309383-08:00","1.1970849","0.0763212","52","0.0079335","6554.48","416","0.8002349000000001","519.85","18708","18708","38","38","323","323","62","1",""
"steady","5090-pcie-steady-x6","llama3.2","C","2","C:\ollama-tests\logs\20251226-194757-5090-pcie-steady-x6\llama3.2\C-r02-5090-pcie-steady-x6-llama3.2.txt","True","2025-12-26T19:49:48.4586407-08:00","2025-12-26T19:49:49.8868020-08:00","1.3342897","0.0774372","4096","0.148398","27601.45","365","0.7399118","493.3","18708","18708","81","79.5","368","355.5","66","2",""
"steady","5090-pcie-steady-x6","llama3.2","D","2","C:\ollama-tests\logs\20251226-194757-5090-pcie-steady-x6\llama3.2\D-r02-5090-pcie-steady-x6-llama3.2.txt","True","2025-12-26T19:49:49.9061449-08:00","2025-12-26T19:49:52.7250383-08:00","2.7406312","0.0760416","54","0.010198800000000001","5294.74","988","1.8413295","536.57","18708","18708","79","79","386","365","66","2",""
"steady","5090-pcie-steady-x6","llama3.2","A","3","C:\ollama-tests\logs\20251226-194757-5090-pcie-steady-x6\llama3.2\A-r03-5090-pcie-steady-x6-llama3.2.txt","True","2025-12-26T19:49:52.7549391-08:00","2025-12-26T19:49:53.6115317-08:00","0.7806999","0.07478560000000001","41","0.007205199999999999","5690.33","261","0.5182178000000001","503.65","18708","18708","78","78","389","389","66","1",""
"steady","5090-pcie-steady-x6","llama3.2","B","3","C:\ollama-tests\logs\20251226-194757-5090-pcie-steady-x6\llama3.2\B-r03-5090-pcie-steady-x6-llama3.2.txt","True","2025-12-26T19:49:53.6367148-08:00","2025-12-26T19:49:55.1342780-08:00","1.4216567","0.0770325","52","0.0104596","4971.51","498","0.9638321999999999","516.69","18708","18708","79","49","332","319","65","2",""
"steady","5090-pcie-steady-x6","llama3.2","C","3","C:\ollama-tests\logs\20251226-194757-5090-pcie-steady-x6\llama3.2\C-r03-5090-pcie-steady-x6-llama3.2.txt","True","2025-12-26T19:49:55.1628076-08:00","2025-12-26T19:49:56.4822494-08:00","1.2138175","0.0760485","4096","0.1460919","28037.15","325","0.6028889000000001","539.07","18708","18708","80","80","358","358","66","1",""
"steady","5090-pcie-steady-x6","llama3.2","D","3","C:\ollama-tests\logs\20251226-194757-5090-pcie-steady-x6\llama3.2\D-r03-5090-pcie-steady-x6-llama3.2.txt","True","2025-12-26T19:49:56.5006573-08:00","2025-12-26T19:50:00.4613258-08:00","3.8890326","0.0757783","54","0.01109","4869.25","1409","2.5167148","559.86","18708","18708","80","65.5","391","377.8","65","4",""
"steady","5090-pcie-steady-x6","qwen2.5:32b","A","1","C:\ollama-tests\logs\20251226-194757-5090-pcie-steady-x6\qwen2.5_32b\A-r01-5090-pcie-steady-x6-qwen2.5_32b.txt","True","2025-12-26T19:50:16.2404593-08:00","2025-12-26T19:50:19.0112007-08:00","2.7042195","0.0619981","45","0.0147951","3041.55","180","2.1720435","82.87","30549","30549","95","95","538","515","69","3",""
"steady","5090-pcie-steady-x6","qwen2.5:32b","B","1","C:\ollama-tests\logs\20251226-194757-5090-pcie-steady-x6\qwen2.5_32b\B-r01-5090-pcie-steady-x6-qwen2.5_32b.txt","True","2025-12-26T19:50:19.0382938-08:00","2025-12-26T19:50:28.4091217-08:00","9.297985","0.0608988","56","0.0422226","1326.3","624","6.6222245","94.23","30549","30549","96","95.3","541","530.1","71","9",""
"steady","5090-pcie-steady-x6","qwen2.5:32b","C","1","C:\ollama-tests\logs\20251226-194757-5090-pcie-steady-x6\qwen2.5_32b\C-r01-5090-pcie-steady-x6-qwen2.5_32b.txt","True","2025-12-26T19:50:28.4405714-08:00","2025-12-26T19:50:34.7919231-08:00","6.2533297","0.061625900000000004","4096","1.2360761","3313.71","316","3.903642","80.95","30549","30549","99","96","564","544","74","5",""
"steady","5090-pcie-steady-x6","qwen2.5:32b","D","1","C:\ollama-tests\logs\20251226-194757-5090-pcie-steady-x6\qwen2.5_32b\D-r01-5090-pcie-steady-x6-qwen2.5_32b.txt","True","2025-12-26T19:50:34.8246112-08:00","2025-12-26T19:50:46.2613389-08:00","11.3602258","0.0613551","58","0.036569000000000004","1586.04","762","9.2208715","82.64","30549","30549","96","95.1","549","536.3","73","10",""
"steady","5090-pcie-steady-x6","qwen2.5:32b","A","2","C:\ollama-tests\logs\20251226-194757-5090-pcie-steady-x6\qwen2.5_32b\A-r02-5090-pcie-steady-x6-qwen2.5_32b.txt","True","2025-12-26T19:50:46.2945008-08:00","2025-12-26T19:50:49.4205192-08:00","3.0516803","0.0612475","45","0.0267233","1683.92","202","2.3913703","84.47","30549","30549","95","95","549","518.3","73","3",""
"steady","5090-pcie-steady-x6","qwen2.5:32b","B","2","C:\ollama-tests\logs\20251226-194757-5090-pcie-steady-x6\qwen2.5_32b\B-r02-5090-pcie-steady-x6-qwen2.5_32b.txt","True","2025-12-26T19:50:49.4521873-08:00","2025-12-26T19:50:58.6897999-08:00","9.1591123","0.0627298","56","0.03231560000000001","1732.91","615","7.0888535","86.76","30549","30549","96","93.7","552","538.1","74","9",""
"steady","5090-pcie-steady-x6","qwen2.5:32b","C","2","C:\ollama-tests\logs\20251226-194757-5090-pcie-steady-x6\qwen2.5_32b\C-r02-5090-pcie-steady-x6-qwen2.5_32b.txt","True","2025-12-26T19:50:58.7244764-08:00","2025-12-26T19:51:06.4429203-08:00","7.6184591","0.0614127","4096","1.2448871","3290.26","403","4.5363684","88.84","30549","30549","99","95.4","571","552.7","76","7",""
"steady","5090-pcie-steady-x6","qwen2.5:32b","D","2","C:\ollama-tests\logs\20251226-194757-5090-pcie-steady-x6\qwen2.5_32b\D-r02-5090-pcie-steady-x6-qwen2.5_32b.txt","True","2025-12-26T19:51:06.4787956-08:00","2025-12-26T19:51:17.9607347-08:00","11.4008216","0.0609797","58","0.0366085","1584.33","765","8.0458105","95.08","30549","30549","96","91.7","554","542.5","76","11",""
"steady","5090-pcie-steady-x6","qwen2.5:32b","A","3","C:\ollama-tests\logs\20251226-194757-5090-pcie-steady-x6\qwen2.5_32b\A-r03-5090-pcie-steady-x6-qwen2.5_32b.txt","True","2025-12-26T19:51:17.9961713-08:00","2025-12-26T19:51:20.7391452-08:00","2.6580972","0.06293889999999999","45","0.0309557","1453.69","175","1.7880553","97.87","30549","30549","95","95","552","509.5","76","2",""
"steady","5090-pcie-steady-x6","qwen2.5:32b","B","3","C:\ollama-tests\logs\20251226-194757-5090-pcie-steady-x6\qwen2.5_32b\B-r03-5090-pcie-steady-x6-qwen2.5_32b.txt","True","2025-12-26T19:51:20.7743657-08:00","2025-12-26T19:51:28.6564537-08:00","7.8069325","0.059515500000000006","56","0.0298502","1876.03","524","5.4370449","96.38","30549","30549","95","95","554","542.4","76","8",""
"steady","5090-pcie-steady-x6","qwen2.5:32b","C","3","C:\ollama-tests\logs\20251226-194757-5090-pcie-steady-x6\qwen2.5_32b\C-r03-5090-pcie-steady-x6-qwen2.5_32b.txt","True","2025-12-26T19:51:28.6948414-08:00","2025-12-26T19:51:36.3870011-08:00","7.5859709","0.06577970000000001","4096","1.251376","3273.2","400","4.9548865","80.73","30549","30549","99","95.1","571","553.4","78","7",""
"steady","5090-pcie-steady-x6","qwen2.5:32b","D","3","C:\ollama-tests\logs\20251226-194757-5090-pcie-steady-x6\qwen2.5_32b\D-r03-5090-pcie-steady-x6-qwen2.5_32b.txt","True","2025-12-26T19:51:36.4242931-08:00","2025-12-26T19:51:47.5962445-08:00","11.0920335","0.060849400000000005","58","0.0253658","2286.54","744","9.2893525","80.09","30549","30549","96","94.8","557","545.9","77","10",""
"steady","5090-pcie-steady-x6","qwen3-coder:30b","A","1","C:\ollama-tests\logs\20251226-194757-5090-pcie-steady-x6\qwen3-coder_30b\A-r01-5090-pcie-steady-x6-qwen3-coder_30b.txt","True","2025-12-26T19:51:56.0721053-08:00","2025-12-26T19:51:57.3197392-08:00","1.1751978","0.0604475","24","0.007726","3106.39","231","1.0751279","214.86","28705","28705","0","0","268","268","65","1",""
"steady","5090-pcie-steady-x6","qwen3-coder:30b","B","1","C:\ollama-tests\logs\20251226-194757-5090-pcie-steady-x6\qwen3-coder_30b\B-r01-5090-pcie-steady-x6-qwen3-coder_30b.txt","True","2025-12-26T19:51:57.3614303-08:00","2025-12-26T19:52:06.0454514-08:00","8.6155852","0.0586105","35","0.0281629","1242.77","1733","8.2378379","210.37","28705","28705","82","81","305","291.9","66","9",""
"steady","5090-pcie-steady-x6","qwen3-coder:30b","C","1","C:\ollama-tests\logs\20251226-194757-5090-pcie-steady-x6\qwen3-coder_30b\C-r01-5090-pcie-steady-x6-qwen3-coder_30b.txt","True","2025-12-26T19:52:06.0971522-08:00","2025-12-26T19:52:08.8983574-08:00","2.6803609","0.0525454","4096","0.5793900999999999","7069.5","380","1.9457063","195.3","28709","28709","92","86","351","334","69","2",""
"steady","5090-pcie-steady-x6","qwen3-coder:30b","D","1","C:\ollama-tests\logs\20251226-194757-5090-pcie-steady-x6\qwen3-coder_30b\D-r01-5090-pcie-steady-x6-qwen3-coder_30b.txt","True","2025-12-26T19:52:08.9580025-08:00","2025-12-26T19:52:29.8592221-08:00","20.8234166","0.0593229","37","0.032966","1122.37","4065","20.020136","203.05","28709","28709","83","81.8","324","305.4","65","20",""
"steady","5090-pcie-steady-x6","qwen3-coder:30b","A","2","C:\ollama-tests\logs\20251226-194757-5090-pcie-steady-x6\qwen3-coder_30b\A-r02-5090-pcie-steady-x6-qwen3-coder_30b.txt","True","2025-12-26T19:52:29.9505108-08:00","2025-12-26T19:52:32.8769313-08:00","2.8445583","0.0610242","24","0.028428699999999998","844.22","223","2.7371246","81.47","28709","28709","46","45.5","187","180","59","2",""
"steady","5090-pcie-steady-x6","qwen3-coder:30b","B","2","C:\ollama-tests\logs\20251226-194757-5090-pcie-steady-x6\qwen3-coder_30b\B-r02-5090-pcie-steady-x6-qwen3-coder_30b.txt","True","2025-12-26T19:52:32.9237255-08:00","2025-12-26T19:53:00.0667420-08:00","27.0672013","0.060926","35","0.034185400000000005","1023.83","2149","26.7593656","80.31","28709","28709","47","45.8","178","174.6","58","25",""
"steady","5090-pcie-steady-x6","qwen3-coder:30b","C","2","C:\ollama-tests\logs\20251226-194757-5090-pcie-steady-x6\qwen3-coder_30b\C-r02-5090-pcie-steady-x6-qwen3-coder_30b.txt","True","2025-12-26T19:53:00.1536343-08:00","2025-12-26T19:53:05.9802799-08:00","5.7233879","0.059329900000000005","4096","0.5634492","7269.51","399","5.0426801","79.12","28709","28709","93","57.2","274","215.8","61","5",""
"steady","5090-pcie-steady-x6","qwen3-coder:30b","D","2","C:\ollama-tests\logs\20251226-194757-5090-pcie-steady-x6\qwen3-coder_30b\D-r02-5090-pcie-steady-x6-qwen3-coder_30b.txt","True","2025-12-26T19:53:06.0491964-08:00","2025-12-26T19:53:52.6054717-08:00","46.4678429","0.060685699999999995","37","0.0380528","972.33","3675","46.0118768","79.87","28709","28709","49","46.3","183","174.6","53","43",""
"steady","5090-pcie-steady-x6","qwen3-coder:30b","A","3","C:\ollama-tests\logs\20251226-194757-5090-pcie-steady-x6\qwen3-coder_30b\A-r03-5090-pcie-steady-x6-qwen3-coder_30b.txt","True","2025-12-26T19:53:52.7014194-08:00","2025-12-26T19:53:55.9685357-08:00","3.1988647","0.0595935","24","0.0196485","1221.47","250","3.0918975","80.86","28709","28709","46","45.3","163","160.3","50","3",""
"steady","5090-pcie-steady-x6","qwen3-coder:30b","B","3","C:\ollama-tests\logs\20251226-194757-5090-pcie-steady-x6\qwen3-coder_30b\B-r03-5090-pcie-steady-x6-qwen3-coder_30b.txt","True","2025-12-26T19:53:56.0529093-08:00","2025-12-26T19:54:18.1952046-08:00","22.060888","0.0608876","35","0.0297674","1175.78","1756","21.8175541","80.49","28709","28709","47","45.6","172","167","49","20",""
"steady","5090-pcie-steady-x6","qwen3-coder:30b","C","3","C:\ollama-tests\logs\20251226-194757-5090-pcie-steady-x6\qwen3-coder_30b\C-r03-5090-pcie-steady-x6-qwen3-coder_30b.txt","True","2025-12-26T19:54:18.2971588-08:00","2025-12-26T19:54:23.6739739-08:00","5.2815158","0.061798900000000004","4096","0.5719402","7161.59","364","4.5886188","79.33","28709","28709","48","40.8","301","204.8","51","5",""
"steady","5090-pcie-steady-x6","qwen3-coder:30b","D","3","C:\ollama-tests\logs\20251226-194757-5090-pcie-steady-x6\qwen3-coder_30b\D-r03-5090-pcie-steady-x6-qwen3-coder_30b.txt","True","2025-12-26T19:54:23.7638999-08:00","2025-12-26T19:55:16.0319743-08:00","52.1878369","0.0594108","37","0.0314778","1175.43","4133","51.6778328","79.98","28709","18662","48","45.6","184","173","48","49",""
"steady","5090-pcie-steady-x6","deepseek-r1:32b","A","1","C:\ollama-tests\logs\20251226-194757-5090-pcie-steady-x6\deepseek-r1_32b\A-r01-5090-pcie-steady-x6-deepseek-r1_32b.txt","True","2025-12-26T19:55:53.8465082-08:00","2025-12-26T19:56:04.0674689-08:00","10.1390782","0.059778700000000004","19","0.017422","1090.58","682","6.8036248","100.24","20502","20502","96","94.9","538","533.9","68","10",""
"steady","5090-pcie-steady-x6","deepseek-r1:32b","B","1","C:\ollama-tests\logs\20251226-194757-5090-pcie-steady-x6\deepseek-r1_32b\B-r01-5090-pcie-steady-x6-deepseek-r1_32b.txt","True","2025-12-26T19:56:04.2083610-08:00","2025-12-26T19:56:22.2708704-08:00","17.9751364","0.0621616","30","0.025951799999999997","1155.99","1207","13.0388211","92.57","20502","20502","96","95.2","545","532.3","71","17",""
"steady","5090-pcie-steady-x6","deepseek-r1:32b","C","1","C:\ollama-tests\logs\20251226-194757-5090-pcie-steady-x6\deepseek-r1_32b\C-r01-5090-pcie-steady-x6-deepseek-r1_32b.txt","True","2025-12-26T19:56:22.3946514-08:00","2025-12-26T19:56:39.3661235-08:00","16.8589641","0.0632691","4096","1.2378966","3308.84","998","9.6339672","103.59","20502","20502","98","95.4","564","549.9","73","16",""
"steady","5090-pcie-steady-x6","deepseek-r1:32b","D","1","C:\ollama-tests\logs\20251226-194757-5090-pcie-steady-x6\deepseek-r1_32b\D-r01-5090-pcie-steady-x6-deepseek-r1_32b.txt","True","2025-12-26T19:56:39.5000835-08:00","2025-12-26T19:57:06.2247974-08:00","26.6415834","0.0622674","32","0.027910499999999998","1146.52","1784","20.2896625","87.93","20502","20502","96","95","558","546.7","76","25",""
"steady","5090-pcie-steady-x6","deepseek-r1:32b","A","2","C:\ollama-tests\logs\20251226-194757-5090-pcie-steady-x6\deepseek-r1_32b\A-r02-5090-pcie-steady-x6-deepseek-r1_32b.txt","True","2025-12-26T19:57:06.3627827-08:00","2025-12-26T19:57:15.0871396-08:00","8.6319093","0.0623945","19","0.0336942","563.9","579","6.0922655","95.04","20502","20502","96","95.1","553","533.6","76","8",""
"steady","5090-pcie-steady-x6","deepseek-r1:32b","B","2","C:\ollama-tests\logs\20251226-194757-5090-pcie-steady-x6\deepseek-r1_32b\B-r02-5090-pcie-steady-x6-deepseek-r1_32b.txt","True","2025-12-26T19:57:15.2283695-08:00","2025-12-26T19:57:35.5720665-08:00","20.2582714","0.0617802","30","0.027680800000000002","1083.78","1359","13.883555","97.89","20502","20502","96","95.1","560","547.5","77","19",""
"steady","5090-pcie-steady-x6","deepseek-r1:32b","C","2","C:\ollama-tests\logs\20251226-194757-5090-pcie-steady-x6\deepseek-r1_32b\C-r02-5090-pcie-steady-x6-deepseek-r1_32b.txt","True","2025-12-26T19:57:35.7143516-08:00","2025-12-26T19:57:52.6313689-08:00","16.8043303","0.0634728","4096","1.2538549","3266.73","992","11.7245462","84.61","20502","20502","99","95.7","570","561.4","79","16",""
"steady","5090-pcie-steady-x6","deepseek-r1:32b","D","2","C:\ollama-tests\logs\20251226-194757-5090-pcie-steady-x6\deepseek-r1_32b\D-r02-5090-pcie-steady-x6-deepseek-r1_32b.txt","True","2025-12-26T19:57:52.7660458-08:00","2025-12-26T19:58:14.1184114-08:00","21.2707396","0.0622059","32","0.0253497","1262.34","1425","14.6368263","97.36","20502","20502","96","95","564","551.7","79","20",""
"steady","5090-pcie-steady-x6","deepseek-r1:32b","A","3","C:\ollama-tests\logs\20251226-194757-5090-pcie-steady-x6\deepseek-r1_32b\A-r03-5090-pcie-steady-x6-deepseek-r1_32b.txt","True","2025-12-26T19:58:14.2675414-08:00","2025-12-26T19:58:25.4678874-08:00","11.1245927","0.0610397","19","0.0213033","891.88","747","7.4527407","100.23","20502","20502","96","95.2","561","543.6","79","10",""
"steady","5090-pcie-steady-x6","deepseek-r1:32b","B","3","C:\ollama-tests\logs\20251226-194757-5090-pcie-steady-x6\deepseek-r1_32b\B-r03-5090-pcie-steady-x6-deepseek-r1_32b.txt","True","2025-12-26T19:58:25.6272649-08:00","2025-12-26T19:58:52.3748158-08:00","26.6521201","0.0616319","30","0.0275179","1090.2","1784","18.3692404","97.12","20502","20502","96","95.1","566","559.5","79","25",""
"steady","5090-pcie-steady-x6","deepseek-r1:32b","C","3","C:\ollama-tests\logs\20251226-194757-5090-pcie-steady-x6\deepseek-r1_32b\C-r03-5090-pcie-steady-x6-deepseek-r1_32b.txt","True","2025-12-26T19:58:52.5381640-08:00","2025-12-26T19:59:07.3165393-08:00","14.6816022","0.0624818","4096","1.2586494","3254.28","856","10.1964604","83.95","20502","20502","99","95.7","574","563.2","81","14",""
"steady","5090-pcie-steady-x6","deepseek-r1:32b","D","3","C:\ollama-tests\logs\20251226-194757-5090-pcie-steady-x6\deepseek-r1_32b\D-r03-5090-pcie-steady-x6-deepseek-r1_32b.txt","True","2025-12-26T19:59:07.4797717-08:00","2025-12-26T19:59:29.3567127-08:00","21.7906083","0.0612689","32","0.0210717","1518.62","1460","14.9743193","97.5","20502","20502","96","95","573","556.1","80","21",""
